,Count,Proportion
Failure (No Alcohol),6946,0.5482674244218171
Success (Alcohol),5723,0.45173257557818297
