,count,mean,std,min,25%,50%,75%,max
BMIPCT,13062.0,64.82068317411304,27.516756256180564,3.72e-09,45.16626978,70.138534555,89.4509676725,99.93921341
